Name,Description,Subreddits,Equipment,Tags
2nd Common Language (Mandarin Chinese),"The second most spoken language in the world and the most natively spoken language in the world. The primary language of China, Macau, Hong Kong, Singapore and Taiwan (though as many speak Hokkien Taiwanese)",r/ChineseLanguage/,,
3rd Common Language (Hindi),The third most spoken language in the world and fourth most natively spoken. The primary language of India and Fiji.,r/Hindi/,,
3D Printing,A type of additive construction which prints 3D Objects from digital CAD or 3D Models,r/3Dprinting/,,"Solo, Sedentary"
4th Common Language (Spanish),"The second most natively spoken and fourth most spoken language overall. The primary language in Spain, Argentina, Bolivia, Chile, Colombia, Costa Rica, Cuba, Ecuador (Castilian), El Salvador, Equatorial Guinea (the only African country which speaks mostly Spanish though there are many Fang and Portugese speakers), Guatemala, Honduras (Honduran), Mexico, Nicaragua, Panama, Peru,  Uruguay, Venezuela.",r/learnspanish/,,
5th Common Language (French),"The fifth most spoken language worldwide, though most speakers are non native. Primary language of Benin (though they have a lot of Fon and Yoruba group languages), Burkina Faso, Cameroon, The Democratic Republic of Congo, Côte d’Ivoire/Ivory Coast (though Baule is highly spoken as well and the country has many languages), Gabon (though Fang is spoken heavily there as well), Monaco, Togo (though many speak Ewe as well). Useful in West, Central and South Africa.",r/learnfrench/,,
6th Common Language (Arabic),"The sixth most spoken language in the world. The primary language of Algeria, Bahrain, Chad, Egypt, Iraq, Jordan, Kuwait (though almost half speak English as well), Lebanon (many also speak French), Libya, Mauritania (a good number speak French too), Morocco (though most speak French as well), Oman, Qatar (though many speak English), Saudi Arabia, Sudan, Syria, Tunisia (though most also speak French), the United Arab Emirates, Western Sahara and Yemen. Spoken widely in the Middle East and Northern Africa.",r/learn_arabic/,,
7th Common Language (Bengali/Bangla),"The seventh most spoken language in the world. The primary language of Bangaladesh. Spoken in Bangaladesh, as part of the 21 regional Indian languages and Sierra Leone.",r/learn_bengali/,,
8th Common Language (Russian),"The eighth most spoken language in the world. The primary language of Russia, Belarus, the detached Kalniningrad Oblast Region and Kazakhstan. Widespread in Eastern Europe.",r/russian/,,
9th Common Language (Portugese),"The ninth most spoken language in the world. The primary language of Portugal, Angola, Brazil, Mozambique (though a good number also speak Makhuwa), Sao Tome & Principe (though many speak Forro). Useful in Central Africa.",r/Portuguese/,,
Acting (General),"Portraying a character in a dramatic work of fiction, such as a play or film",r/acting,None,"Drama, Voice"
Acting (Miming/Pantomime),"Portraying a character without speaking, which originated in Greece",,None,Drama
Acting (Voice),"Portraying a character using only your voice, typically for animated films, podcasts or audiobooks",r/VoiceActing,None,"Drama, Voice"
Adventure Racing,,r/AdventureRacing/,,"Solo, Group, Active, Outdoor"
Africa Central: Language (Fang),A language spoken heavily in Equatorial Guinea and Gabon by the Fang people as part of the Bantu language group,,,
Africa Central:Language (Forro),A language heavily spoken in Sao Tome & Principe,,,
Africa Central:National Language (Sangho),Primary language of the Central African Republic (though there is a lot of French there too). Spoken in Sao Paolo in Brazil and the Central African Republic,,,
Africa Easterm:National Language (Oromo),The primary language of Ethiopia (though Amharic is spoken almost as much and is more associated generally with the country). Spoken by the Oromo people,,,
Africa Eastern:Language (Afar),One of the languages spoken in Djibouti by the Afar ethnic group,r/Afar/,,
Africa Eastern:Language (Amharic),Spoken in Ethiopia,r/amharic/,,
Africa Eastern:Language (Nyanja),A very common language in Zambia,,,
Africa Eastern:National Language (Bemba),The primary language of Zambia (though Nyanja is almost as possible),,,
Africa Eastern:National Language (Chewa/Chichewa),"Primary language of Malawi (though a good number speak English as well). Spoken in Malawi, Zimbabew, Mozambique and Zambia as one of the Bantu languages",,,
Africa Eastern:National Language (Comorian/Shikomoro),Primary language of the Comoros as one of the Bantu Languages,,,
Africa Eastern:National Language (Creole - Mauritius),The primary language of Mauritius (though most speak French and some speak English),,,
Africa Eastern:National Language (Creole - Seychelles),The primary language of the Seychelles (the most also speak English),,,
Africa Eastern:National Language (Kinyarwanda),"The primary language of Rwanda. Spoken in Rwanda, the Democratic Republic of Congo and Uganda",,,
Africa Eastern:National Language (Kirundi),"The primary language of Burundi. Spoken in Burundi, Tanzania, the Democratic Republic of Congo and Uganda",,,
Africa Eastern:National Language (Luganda),The primary language of Uganda (though many speak English),,,
Africa Eastern:National Language (Marshallese),Primary language spoken in the Marshall Islands and Mauritius,,,
Africa Eastern:National Language (Nuer/Dinka),The primary closesly related languages of South Sudan,,,
Africa Eastern:National Language (Somali),"Primary language of Djibouti (though Afar is spoken nearly as much), Somalia and Somaliland (though a good number in Somalia and Somaliland speak Arabic).",r/LearnSomali,,
Africa Eastern:National Language (Swahili),"The primary language of Kenya (though other Bantu languages like Kikuyu, Oluhyia and Kamba are very common as well as Nilotic group languages). Spoken in Kenya, Rwanda, Tanzania (though not spoken much as there isn't much of a primary language there) and Uganda",,,
Africa Eastern:National Language (Tigrinya),The primary language of Eritrea (though Tigre/Dahlik is heavily spoken there too). Spoken in Eritrea,,,
Africa Eastern:Native Language (Makhuwa/Makua),"The native language of the Makua people who make up the largest ethnic group in Mozambique, a Bantu language",,,
Africa Southern: National Language (Tswana/Setswana),The primary language of Botswana.,,,
Africa Southern:Language (Afrikaans),Spoken widely in South Africa and Namibia,r/LearnAfrikaans/,,
Africa Southern:National Language (Malagasy),Primary language of Madagascar (though a good number can speak French),,,
Africa Southern:National Language (Oshiwambo),The primary language of Namibia primarily spoken by the Ovambo ethnic group,,,
Africa Southern:National Language (Sotho/Sesotho/Southern Sotho),Primary language of Lesotho. Spoken in Lesotho and South Africa as part of the Bantu langague group,,,
Africa Southern:National Language (Swazi/siSwazi),Primary language of Eswatini (formerly called Swaziland). Spoken in Eswatini and South Africa by the Nguni people as part of the Bantu language group,,,
Africa Southern:National Language (Zulu),"The primary language of South Africa (though Xhosa, Afrikaans and English are understood in urban areas as there isn't much informity of language overall in the country)",,,
Africa Western: National Language (Mossi),The primary language of Burkina Faso as part of the Gur Languages (though French is the official language it isn't widely used).,,,
Africa Western:Language (Akan),Spoken heavily in Ghana by the Aja people,,,
Africa Western:Language (Baule/Bawule),A language spoken heavily in Ivory Coast,,,
Africa Western:Language (Ewe),Spoken heavily in Ghana and Togo,,,
Africa Western:Language (Fulfulde/Maasina),Heavily spoken in Mali by the Fula people of the Senegambian language group,,,
Africa Western:Language (Mende),A language spoken heavily in southern Sierra Leone,,,
Africa Western:Language (Soninke/Marka/Maraka),"Spoken heavily in Mali. Spoken in Mali, Mauritania and Senegal as part of the Mande languages",,,
Africa Western:Language (Yoruba),Spoken heavily in Nigeria and also in Benin by the Yoruba people,,,
Africa Western:National Language (Bambara/Bamanankan),Primary language of Mali (though a decent number speak French) by it's primary ethnic group the Bambara people as one of the Manding Languages,,,
Africa Western:National Language (Creole - Cape Verde),The primary language of Guinea-Bissau,,,
Africa Western:National Language (Creole - Sierra Leone/Krio),The primary language of Sierra Leone (though many speak Temne and Mende),,,
Africa Western:National Language (Fula/Pular),"Primary language of Guinea. Spoken heavily in The Gambia. Spoken in Benin, Burkina Faso, Guineau, Mali, Mauritania, Niger and Sengeal ",,,
Africa Western:National Language (Hausa),The primary language of Niger of the Hausa people. It is also heavily spoken in Nigeria.,,,
Africa Western:National Language (Mandinka/Mandingo),Primary language of The Gambia (though Fula and Wolof are heavily spoken there as well). Also spoken by Senegal and Guinea.,,,
Africa Western:National Language (Wolof),The primary language of Senegal (a good number also speak French). Also spoken in Mauritania.,,,
Africa Western:Native Language (Kpelle),Spoken by the largest native group in Liberia the Kpelle people and in Guinea as part of thr Mande family of languages,,,
Airsoft (Airsoft Guns),,r/airsoft/,,"Group, Active, Competitive"
Alcohol (Beer),A barley fermented drinkof low alcohol content commonly drank worldwide,r/beer/ ,,"Solo, Sedentary, Indoor"
Alcohol (Cocktails/Mixology),"Distilled spirits mixed with syrups, bitters and juices to create food products from alcohol",r/Mixology/,,"Solo, Sedentary, Indoor"
Alcohol (Drinking Games - Beer Pong),,r/beerpong/,,
Alcohol (Drinking Games - General),,r/DrinkingGames/,,
Alcohol (Gin),"A juniper and sage based distilled spirit associated with the united kingdom, it has a much higher alcohol content then beer or wine",r/Gin/,,"Solo, Sedentary, Indoor"
Alcohol (Homebrewing),Creating alcoholic drinks at home,r/Homebrewing,,"Solo, Sedentary, Indoor"
Alcohol (Mead),Wine made from honey,r/mead/,,"Solo, Sedentary, Indoor"
Alcohol (Rum),"A sugarcane based distilled spirit associated with the carribean, it has a much higher alcohol content then beer or wine",r/rum/,,"Solo, Sedentary, Indoor"
Alcohol (Tequila/Mezcal),"An agave based distilled spirit associated with mexico, it has a much higher alcohol content then beer or wine",r/tequila/,,"Solo, Sedentary, Indoor"
Alcohol (Whisky/ey - General),"A corn or barley based distilled spirit associated with america, ireland and scotland, it has a much higher alcohol content then beer or wine",r/whiskey/,,"Solo, Sedentary, Indoor"
Alcohol (Wine/Winemaking),A grapes based fermented drink of higher alcohol content then beer,r/wine/,,"Solo, Sedentary, Indoor"
Amateur Therapy (General),,,,"Solo, Sedentary"
Amateur Therapy (Relationships),,r/relationship_advice/,,"Solo, Sedentary"
Animal Training (Carrier/Homing Pigeon),,r/pigeon/,,"Solo, Active, Outdoor"
Animal Training (Dogs),,r/Dogtraining/,,"Solo, Active"
Animal Training (Falconry),,r/Falconry/,,"Solo, Active, Outdoor"
Animation (Stop Motion),"Creating films using a sequence of posed photographs to create the illusion of movement, such as in Wallace & Gromit or Robot Chicken",r/stop_motion,"Camera, Editing Software","Solo, Sedentary, Indoor"
Animation (Traditional),"Creating films using a sequence of hand drawn images to create the illusion of movement, such as in early disney works, american cartoons or in Japanese animation",r/learnanimation,"Pencil/Pen, Paper, Editing Software","Solo, Sedentary, Indoor, Cartoons"
Aquarium (Aquascape Art),Maintaing a water tank based environment where the focus is on the aesthetic and appearance of things within the tank,r/Aquascape,"Aquarium Tank, Aqautic Plants","Solo, Sedentary, Indoor, Water"
Aquarium (General),Maintaing a water tank based environment with many sub-disciplines,r/Aquariums,"Aquarium Tank, Aqautic Plants","Solo, Sedentary, Indoor, Water"
Aquarium (Jars/Self-Sustaining),Aquarium (Jars/Self-Sustaining),,,
Aquarium (Plants),Maintaing a water tank based environment where the focus is on cultivating underwater plants,r/PlantedTank,"Aquarium Tank, Aqautic Plants","Solo, Sedentary, Indoor, Water"
Aquarium (Reef),"Maintaing a salt water tank based environment, typically which salt water creatures",r/ReefTank,"Aquarium Tank, Aqautic Plants, Salt Water Reef Fish","Solo, Sedentary, Indoor, Water"
Archaeology ,,r/Archaeology/,,"Solo, Sedentary"
Archery (General),,r/Archery,,"Solo, Active, Competitive"
Archery (Traditional),,r/TraditionalArchery,,"Solo, Active, Competitive"
Architecture,The art and design of creating buildings,r/architecture,"Pencil/Pen, Paper","Solo, Buildings"
Artificial Intelligence/Machine Learning (General),,r/artificial/,,
Asia Central:National Language (Kyrgyz),Primary language of Kyrgyzstan,,,
Asia Central:National Language (Persian),The primary language of Iran(Farsi) and Afghanistan. Also spoken in Tajikistan,r/farsi/,,
Asia Central:National Language (Punjabi),The ninth most natively spoken language in the world. The primary language of Pakistan. Spoken in India,r/punjabi,,
Asia Central:National Language (Tajik),The primary language of Tajikistan,,,
Asia Central:National Language (Turkmen),The primary language of Turkmenistan,,,
Asia Central:National Language (Uzbek),Primary language in Uzbekistan,,,
Asia Central:Native Language (Kazakh),The native language of Kazakhstan (though slightly more speak Russian). Spoken in Kazakhstan,r/kazakh/,,
Asia Eastern:Language (Cantonese),Spoken in Hong Kong and Macau,r/Cantonese/,,
Asia Eastern:National Language (Japanese),The eighth most natively spoken language in the world. The primary language of Japan and Palau.,r/LearnJapanese/,,
Asia Eastern:National Language (Korean),The primary language of North and South Korea.,,,
Asia Eastern:National Language (Mongolian),Primary language in Mongolia (Khalkha dialect is most common),,,
Asia Eastern:Native Language (Hokkien Taiwanese),"A language spoken nearly as much in Taiwan as Mandarin and aggresively pushed over Mandarin, likely due to Taiwan's adversarial relation with China",r/ohtaigi/,,
Asia South Eastern:Language (Javanese),Primary native language of Indonesia. Spoken in Java (though Indonesian and Sudanese are heavily present on the other islands since most islands have their own language).,,,
Asia South Eastern:National Language (Burmese),Spoken in Myanmar (formerly called Burma),r/LearnBurmese/,,
Asia South Eastern:National Language (Filipino Tagalog),A version of Tagalog that is called Filipino occasionally (I think). The primary language of the Philipines (though the philipines have about 187 languages so they have a ton),r/Tagalog,,
Asia South Eastern:National Language (Indonesian),The tenth most spoken language in the world. The primary language of Indonesia.,r/indonesian,,
Asia South Eastern:National Language (Khmer),Primary language of Cambodia. Spoken in Cambodia,,,
Asia South Eastern:National Language (Lao),Primary language of Laos,,,
Asia South Eastern:National Language (Malay),The primary language of Malaysia (which has an insane number of spoken languages and a good amount of English and Hokkien Chinese speakers) and Brunei. Also spoken in Singapore and Indonesia.,r/bahasamelayu,,
Asia South Eastern:National Language (Thai),Primary language spoken in Thailand,,,
Asia South Eastern:National Language (Vietnamese),Primary language in Vietnam (though most speak English),,,
Asia South Eastern:National Lanugage (Creole - Singapore/Singlish),The primary language of Singapore (though many speak Singaporean Mandarin Chinese),,,
Asia South Eastern:National Lanugage (Tetum-Dili),The primary language of East Timor (though Mambai and Makase are spoken heavily and the country has many languages),,,
Asia Southern:Language (Maithili),A language heavily spoken in Nepal in Mithila region,,,
Asia Southern:National Language (Dhivehi),Primary language spoken in the Maldives (though many speak English as well),,,
Asia Southern:National Language (Marathi),The tenth most natively spoken language in the world. Spoken in India.,,,
Asia Southern:National Language (Nepali),Primary langauge of Nepal (though Maithali and many other languages are spoken as well),,,
Asia Southern:National Language (Sinhala),The primary language of Sri Lanka (many also speak Tamil and English),,,
Asia Southern:National Language (Tshangla),The primary language of Bhutan. Spoken mostly in the east.,,,
Asia Southern:Official Language (Dzongkha),The official language of Bhutan. Spoken in Bhutan,,,
Astronomy (Space),,r/Astronomy/,,"Solo, Sedentary"
Augmented Reality/AR,"Interactive experiences where the real world is enhanced by a digital input, commonly as a projection over live video",r/augmentedreality,,"Solo, Sedentary"
Backgammon,,r/backgammon/,,"Group, Sedentary, Indoor"
Backpacking (General),,r/backpacking/,,"Solo, Active, Outdoor"
Backpacking (Ultralight),,r/Ultralight/,,"Solo, Active, Outdoor"
Badminton,,r/badminton/,,"Group, Active, Competitive"
Bake Sales,,,,"Solo, Sedentary"
Baking (Bread),Creating flour based food products from wheat family grains,r/Breadit/,,"Solo, Sedentary, Indoor"
Baking (General),Creating food products using yeast and an oven to allow dough to rise,r/Baking/,,"Solo, Sedentary, Indoor"
Baking (Ginger Bread House),Using baked ginger bread to make works of art,r/GingerbreadHouses/,,"Solo, Sedentary, Indoor"
Bar Hopping ,,r/Bar,,"Solo, Active, Sedentary"
Bartending,,r/bartenders/,,"Group, Active"
Basket Weaving,"Weaving or sewing (typically) natural fibers into baskets, mats, mesh bags or furniture",r/BasketWeaving,,"Sedentary, Solo, Crafts"
Baton Twirling,Using the body to spin a metal rod in a coordinated routine,r/batontwirling,,"Active, Solo"
Beachcombing,,r/beachcombing/,,"Solo, Active, Outdoor"
Beatboxing,A form of vocal percussion which mimmicks drum machines without the use of an external instrument,r/beatbox/,,"Solo, Sedentary"
Beauty Pageants,,,,"Group, Active, Competitive"
Biking (BMX - General),,r/bmx/,,"Solo, Active, Outdoor, Competitive"
Biking (BMX - Trials),,r/biketrials/,,"Solo, Active, Outdoor, Competitive"
Biking (Cycling/Road),,r/cycling/,,"Solo, Active, Outdoor"
Biking (General),,r/Biking/,,"Solo, Active, Outdoor"
Biking (Mountain),,r/mountainbiking/,,"Solo, Active, Outdoor"
Biking (Touring),,r/bicycletouring/,,"Solo, Active, Outdoor"
Billiards (Pool),,r/billiards/,,"Group, Active, Indoor,  Competitive"
Biology (Animals),,r/biology/,,"Solo, Sedentary"
Boat Building,,r/boatbuilding/,,
Boating (General),,r/boating/,,"Solo, Sedentary"
Book Clubs,,r/bookclub,,"Group, Sedentary"
Bookbinding,Physically assembling a book or codex using various methods,r/bookbinding,,"Sedentary, Solo, Crafts"
Botany (Plants),,r/botany/,,"Solo, Sedentary"
Botox,"Botulism toxin injections, which are used to smoothen wrinkles and create a youthly appearance",,,"Solo, Sedentary, Indoor"
Bouldering,,r/bouldering,,"Solo, Active, Indoor"
Bowling,,r/Bowling/,,"Group, Active, Indoor,Competitive"
Boxing,,r/Boxing/,,"Group, Active, Indoor, Competitive"
Building/Assembly (Watchmaking),,r/watchmaking//,,
Bullet journaling,,r/bulletjournal/,,"Solo, Sedentary"
Calligraphy,A visual art involving the aesthetic writing of words and sentences,r/Calligraphy,,"Sedentary, Solo"
Camping,,r/camping/,,"Solo, Active, Outdoor"
Candlemaking,"Imbuing fragrances in and generally creating candles, typically with soy or animal fats",r/candlemaking,,"Sedentary, Solo, Crafts"
Card Tricks (Cardistry),The performance art of card flourishing,r/cardistry,,Solo
Cardmaking,Crafting hand made greeting cards,r/cardmaking,,"Sedentary, Solo, Crafts"
Cartography/Mapmaking,,r/mapmaking/,,
Carving (Ice),Carving sculptures from ice,r/IceSculpting,Ice,Solo
Carving (Wood/Whitling),Carving sculptures from wood,r/Woodcarving,,Solo
CB radio,,r/cbradio/,,"Solo, Sedentary"
Checkers,,r/checkers/,,"Group, Sedentary, Indoor"
Chess,,r/chess/,,"Group, Sedentary, Indoor"
Circus (Aerial),,r/Aerials/,,
Circus (Contortion),"Gymnastic performances associated with Circus, such as trapeze, silks or lyra",,,
Circus (General),,r/circus,,Active
Circus (Trampoline),,r/Trampoline/,,
Citizen Science,,r/CitizenScience/,,
Cleaning (General),,r/CleaningTips/,,"Solo, Active"
Climbing (Rappeling),,r/rappelling/,,"Solo, Group, Active, Outdoor"
Clothesmaking (Corsets),,r/corsets/,,
Clothesmaking (General),Creating clothes and garments,r/DIYclothes,,"Sedentary, Solo, Crafts"
Cloud Watching,,r/CLOUDS/,,"Solo, Sedentary, Outdoor"
Coffee,A bean tea which can be used directly or ground and mixed with milk and syrups and is high in caffeine,r/Coffee/,,"Solo, Sedentary, Indoor"
Collecting (Action Figures),"Posable toys originally targeted for youths, which commonly portray characters from cartoons or comic books",r/ActionFigures,,"Solo, Sedentary"
Collecting (Antiquing/Vintage),,r/Antiques/,,
Collecting (Art),"Any form of art, most commonly paintings and typically expensive",r/artcollecting,,"Solo, Sedentary"
Collecting (Badges),,,,"Solo, Sedentary"
Collecting (Books),Traditional books,r/BookCollecting/,,"Solo, Sedentary"
Collecting (Coins),"Metal currency, often from different countries of origin", r/coincollecting/,,"Solo, Sedentary"
Collecting (Comic Books),"Panel based visual novels, most commonly from the 80s and 90s and commonly portraying superheroes",r/comicbookcollecting,,"Solo, Sedentary"
Collecting (Crystals),Solid materials whose atomic strucure creates a crystal latice. Many crystal enthusiasts believe crystal exposure has various benefits,r/Crystals,,"Solo, Sedentary"
Collecting (D&D Dice),"Crafted dice used to play tabletop roleplaying games, most commonly Dungeons and Dragons",r/DicePorn/,,"Solo, Sedentary"
Collecting (Fossils),,r/FossilHunting/,,
Collecting (Glass Pipes),Glass pipes commonly used for smoking tobacco or marijuana,r/glassheads/,,"Solo, Sedentary"
Collecting (Guns),,,,
Collecting (Knives),Knives crafted via a variety of metalworking techniques and from a plethora of cultures,r/knifeclub,,"Solo, Sedentary"
Collecting (Maps),,r/cartography/,,
Collecting (Marbles),Small balls made of ... well marble,r/Marbles/,,"Solo, Sedentary"
Collecting (Militaria),"Military items like badges, uniforms and antique weaponry",r/Militariacollecting/,,
Collecting (Minerals - General),,r/mineralcollectors/,,
Collecting (Minerals - Radioactive),,r/Radioactive_Rocks/,,
Collecting (Movie Memoribilia),"Props, promotional material and related items relating to films",r/AllMovieMemorabilia/,,"Solo, Sedentary"
Collecting (Periodic Elements),Collecting something from each element in the periodic table,r/elementcollection/,,"Solo, Sedentary"
Collecting (Sneakers),Limited releases sneakers which are often difficult to procure,r/Sneakers/,,"Solo, Sedentary"
Collecting (Sports Cards - Baseball),Cards of professional baseball players,r/baseballcards/,,
Collecting (Stamps/Philately),Postage stamps for and from different countries,r/philately/,,"Solo, Sedentary"
Collecting (Tiki Mugs),Artistic ceramic mugs associated with drinking tiki cocktails,r/Tiki/,,"Solo, Sedentary"
Collecting (Video Game Controllers - Gamecube),,r/customGCC/,,
Collecting (Vinyl Records),Classically formatted discs for playing music which some believe sound better than modern digital music,r/vinyl/,,
Collecting (Watches),,r/Watches/,,
Color Guard,,r/Colorguard/,,"Solo, Active, Competitive"
Competitive Eating,,r/competitiveeating/,,"Group, Competitive"
Composting,,r/composting/,,Solo
Confectionary (Candy),,r/CandyMaking/,,"Solo, Sedentary, Indoor"
Cooking (Cheesemaking),,r/cheesemaking/,,"Solo, Sedentary, Indoor"
Cooking (Dry Aging),A technique of aging meats which develops it's flavor,r/DryAgedBeef/,,
Cooking (General),,r/Cooking/,,"Solo, Sedentary, Indoor"
Cooking (Grilling),"Using a grill to cook and externally char food products, commonly meat and outdoors",r/grilling,,"Solo, Sedentary, Outdoor"
Cooking (Ice Cream),,r/icecreamery/,,"Solo, Sedentary, Indoor"
Cooking (Sous Vide),A cooking technique where food is cooked in a vacuum sealed bag and heated in super hot water where the temperature is easy to specifically control very easily,r/Sous_Vide/,,
Cooking (Vegan),,r/veganrecipes/,,"Solo, Sedentary, Indoor"
Cooking (Vegetarian),,r/VegRecipes/,,"Solo, Sedentary, Indoor"
Cornhole,,r/Cornhole/,,"Group, Sedentary, Outdoor"
Cosplay/Costumes,Creating and wearing clothes typically associated with fictional characters from geek culture such as japanese animation or video games,r/cosplay,,"Sedentary, Solo, Crafts"
Creative Writing (Prompts),Writing essays and novels based on community provided prompts,r/WritingPrompts,,"Sedentary, Solo"
Crocheting,Creating the textile works associated with a crochet hook,r/crochet,,"Crafts, Sedentary, Solo"
Croquet,,r/croquet/,,"Solo, Group, Active, Competitive"
Cryptography (Code Breaking),,r/cryptography/,,"Solo, Sedentary"
Curling,,r/Curling/,,"Solo, Group, Active, Competitive"
Dancing (Ballet),A type of highly technical performance dance which originated in the Renaissance known for being dramatic and graceful,r/BALLET/,,"Active, Solo, Group"
Dancing (Ballroom),A type of classical partner dance which one can compete in,r/ballroom/,,"Active, Group"
Dancing (BBoy/Breakdancing),An athletic type of street dancing known for spinning and floor based moves,r/bboy/,,"Active, Solo, Competitive"
Dancing (Belly),,r/Bellydance/,,
Dancing (Capoiera),,r/capoeira/,,
Dancing (Funk Style),"A collection of street dances including popping, locking, robot, gliding and krumping",r/FunkStyle/,,
Dancing (Line),A choreographed step based dance commonly associated with honky tonks and american country music,r/LineDancing/,,"Active, Group"
Dancing (Pole),"An acrobatic dance focused around a pole commonly associated with strip clubs, burlesque and erotic dancing",r/poledance/,,"Active, Solo, Erotic"
Dancing (Salsa),A high energy latin partner dance originating in Puerto Rican and Cuban communities,r/Salsa/,,"Active, Group"
Dancing (Shuffling),A type of footwork based dance associated with modern music and EDM,r/shuffle/,,"Active, Solo, Group"
Dancing (Swing),A type of social dance associated with swing jazz or western music,r/SwingDancing/,,"Active, Solo, Group"
Diet (Fasting/Fasted Training),"Fasting in order to control inflammation only to when it is useful for muscle building and to reduce digestional distress, especially from auto-immune disorders or allergies",r/fasting/,,
Diets (Dairy Free),Avoiding foods containing milk products like cheese and milk,r/dairyfree/,,"Solo, Sedentary"
Diets (FODMAP),A short term diet that stops and reintroduces short chain sugar based foods known to cause intestinal distress,r/fodmap/,,"Solo, Sedentary"
Diets (Gluten Free),"Avoiding products containing the wheat protein gluten, most commonly flour based products",r/glutenfree/,,"Solo, Sedentary"
Diets (Intermitent Fasting),,r/intermittentfasting/,,
Diets (Keto),Designed to put a body in a rapid weight loss state called ketosis by completing subbing carbs with fats and keeping protein very high,r/keto/,,"Solo, Sedentary"
Diets (Mediterranean),"Based on the traditional diets of those who live around the mediterranean sea, specifically because there is an idea that it can make you live longer",r/mediterraneandiet/,,
Diets (Paleo),"Eating based on paleolithic human diets, which avoids food that has been processed in most ways",r/Paleo/,,"Solo, Sedentary"
Diets (Pescatarian),A vegeterian diet with the exception of fish,r/Pescatarian/,,
Diets (Vegan),"Avoiding all animal based food products, for health or ethical reasons",r/vegan/,,"Solo, Sedentary"
Diets (Vegetarian),Avoiding animal meat but still eating animal food products such as milk and eggs,r/vegetarian/,,"Solo, Sedentary"
Digital Art (Pixel Art),,r/PixelArt/,,
Diorama,"Creating miniature 3D replicas in high detail, usually of intricate scenes",r/dioramas,,"Crafts, Sedentary, Solo"
Disc Golf,,r/discgolf/,,"Solo, Active, Competitive"
Diving (Free),,r/freediving/,,"Solo, Active, Outdoor"
Diving (General),,r/diving/,,"Solo, Active, Outdoor"
Diving (Scuba),,r/scuba/,,"Solo, Active, Outdoor"
Diving (Snorkel),,r/snorkeling/,,"Solo, Active, Outdoor"
DJing,Mixing and playing recorded electronic music for a live audience,r/DJs/,,"Solo, Sedentary"
Dog Sports,,r/k9sports/,,"Group, Active, Competitive"
Dominoes,,r/dominoes/,,"Group, Sedentary, Indoor"
Drawing (General),"Using a pen or pencil to create pictures on a medium, typically paper but often digitally in modern times",r/drawing,,"Sedentary, Solo"
Drawing (Illustration - Traditional/Digital),,r/Illustration/,,
Driving (ATV/All Terrain Vehicles),,r/ATV/,,
Driving (Camper Vans),,r/CamperVans/,,
Driving (Cars),,r/cars/,,"Solo, Sedentary, Outdoor"
Driving (Dirtbikes),,r/Dirtbikes/,,
Driving (Motorcycles),,r/motorcycles/,,"Solo, Sedentary, Outdoor"
Driving (Planes),,,,"Solo, Sedentary, Outdoor"
Driving (Snowmobile),,r/snowmobiling/,,"Solo, Sedentary, Outdoor"
Drone Video Production (FPV),High speed drones piloted via flying goggles which can perform acrobatic stunts while filming,r/fpv/,,
Drone Video Production (General),Flying remote controlled helicopters to record aerial footage,r/drones,,"Solo, Sedentary, Outdoor, Illegal"
Dungeons and Dragons (General/5th Edition),,r/dndnext/,,"Group, Sedentary, Indoor"
Escape Rooms,,r/escaperooms,,"Solo, Group, Active, Competitive"
Esports,,r/esports/,,"Solo, Group, Active, Competitive"
Europe Central:National Language (Czech),Primary language of The Czech Republic. Spoken in the Czech Republic and Slovakia,r/learnczech/,,
Europe Central:National Language (German),"Primary language of Austria (though most also spek English), Germany (though about half know English), Liechtenstein (though there is a lot of English) and Switzerland (though many speak French and most speak English also). Also spoken in Belgium, Brazil, Luxembourg, Italy and Nambia.",r/German,,
Europe Central:National Language (Hungarian),Primary language of Hungary.,,,
Europe Central:National Language (Polish),Spoken in Poland (though a good number speak English),r/learnpolish/,,
Europe Central:National Language (Slovak),The primary language of Slovakia (though many speak English). Spoken in Slovakia and the Czech Republic,,,
Europe Central:National Language (Slovene),The primary language of Slovenia,,,
Europe Eastern:Language (Moldovan),Spoken in Moldova and Transnistria,,,
Europe Eastern:National Language (Estonian),The primary language of Estonia (though many speak Russian as well). Spoken in Estonia,,,
Europe Eastern:National Language (Latvia),Primay language spoken in Latvia (though many speak Russian as well),,,
Europe Eastern:National Language (Lithuanian),Primary language in Lithuania (though most also speak Russian and a good number English),r/LithuanianLearning/,,
Europe Eastern:National Language (Ukrainian),Primary language in Ukraine (though many speak Russian) and Transnitria,r/ukrainian,,
Europe Northern:National Language (Finnish),The primary language of Finland (thought nearly all also speak English),,,
Europe Northern:National Language (Norwegian),Primary language of Norway (though nearly the same number of english speakers),r/norsk,,
Europe Northern:National Language (Swedish),The primary language of Sweden (though most speak English and were ranked #1 in English proficiency for many years). Also spoken in Finland and Aland.,r/Svenska/,,
Europe South Eastern:Language (Montenegrin),Spoken in Montenegro,,,
Europe South Eastern:National Language (Albanian),The primary language of Albania and Kosovo. Also spoken in Montenegro and North Macedonia,r/Albanian_language/,,
Europe South Eastern:National Language (Armenian),The primary language of Armenia. Spoken in Armenia and the Artsakh region of Azerbaijan,r/hayeren,,
Europe South Eastern:National Language (Bosnian),Primarily spoken in Bosnia (though they have a lot of Serbian). Spoken in Bosnia and Herzegovina. The language is very similar to Serbian and Croatian. ,,,
Europe South Eastern:National Language (Croatian),Primary language of Croatia. Spoken in Croatia and Bosnia-Herzegovinia. The language is very similar to Bosnian and Serbian. ,r/croatian,,
Europe South Eastern:National Language (Macedonian),Primary language of North Macedonia (a good number also speak Albanian),,,
Europe South Eastern:National Language (Romanian),Primary language in Romania (though many speak English) and Moldova (Moldovan),r/romanian/,,
Europe South Eastern:National Language (Serbian),Primary language of Serbia (though a good number know English as well) and Montenegro (though nearly as many speak Montenegrin also). Spoke additionally in Bosnia & Herzegovinia and Kosovo. The language is very similar to Bosnian and Croatian. ,r/Serbian,,
Europe Southern:National Language (Greek),"Primary language of Greece and Cyprus. Spoken in Greece, Cyprus and Albania",r/GREEK/,,
Europe Southern:National Language (Italian),"The primary language of Italy, San Marino and Vatican City. Also spoken also in Croatia, Slovenia and Switzerland.",r/italianlearning,,
Europe Southern:National Language (Maltese),Primary language of Malta,,,
Europe Western:Language (Irish/Irish-Gaelic/Gaelige),The native language of Ireland (though mostly spoken in the Republic of Ireland and almost the entire population speaks English as a first language as well).,r/gaeilge/,,
Europe Western:National Language (Danish),Primary language spoken in Denmark (though almost all speak English and many German). Also spoken in the Faroe Islands,r/danishlanguage,,
Europe Western:National Language (Dutch),"The primary language of the Netherlands (though almost all can speak English there as well) and Belgium. Spoken in Flanders, Brussels, Aruba, Curacao, Sint Maarten and Suriname",r/learndutch,,
Europe Western:National Language (Luxembourgish),Primary language spoken in Luxembourg (though about half also speak English),,,
Event Planning (Parties),,r/partyplanning/,,"Solo, Sedentary"
Event Planning (Wedding - AUS),,,,"Solo, Sedentary"
Event Planning (Wedding - CA),,r/weddingplanningcanada/,,"Solo, Sedentary"
Event Planning (Wedding - General),,r/weddingplanning/,,"Solo, Sedentary"
Exercise (Bodybuilding),Performing high resistance exercises to improve muscle size and shape,r/bodybuilding/,,"Solo, Active"
Exercise (Bodyweight),Bodybuilding without using gym equipment,r/bodyweightfitness,,"Solo, Active"
Exercise (Calisthenics),"Bodyweight exercise commonly employing bars, such as those available at jungle gyms and outdoor fitness areas",r/Calisthenic/,,"Solo, Active"
Exercise (Crossfit),"A cross disciplinary fitness style which tests a multitude of strengths and athleticisms, sometimes competitively",r/crossfit/,,"Solo, Group, Active, Competitive"
Exercise (General Fitness),Exercising to increase physical and cardiovascular strength and endurance,r/Fitness/,,"Solo, Group, Active"
Exercise (Jump-Rope),Jumping over a rope in a coordinated and very fast fashion to practice agility and endurance,r/jumprope/,,"Active, Solo"
Exercise (Kettlebells),,r/kettlebell/,,
Exercise (Knees Over Toes),"Workouts focused on increasing knee strength and flexibility, designed for athletes with knee injuries",r/Kneesovertoes/,,"Solo, Active"
Exercise (Physical Therapy),Workouts generally focused on correcting imbalances to correct posture or strain based pains,,,
Exercise (Pilates),A core focused position based workout similar to yoga which sometimes makes use of a specific exercise machine,r/pilates/,,"Solo, Group, Active"
Exercise (Powerlifting),Focusing on lifting the maximum amount of weight in competition,r/powerlifting/,,"Solo, Active, Competitive"
Fabrics (Cross-Stitching),A form of embroidery which uses a pattern to create a variety of pitcures,r/CrossStitch,,"Crafts, Sedentary, Solo"
Fabrics (Embroidery),Using a needle to decorate a fabric using thread or yarn,r/embroidery,,"Crafts, Sedentary, Solo"
Fabrics (Knitting),Using yarn to create fabric or textile based objects,r/knitting,,"Crafts, Sedentary, Solo"
Fabrics (Lace),Creating delicate fabrics in an open web like pattern,,,"Crafts, Sedentary, Solo"
Fabrics (Macrame),"Creating textile works using knotting techniques, which commonly are hung",r/macrame,,"Crafts, Sedentary, Solo"
Fabrics (Quilting),Sewing at least three fabrics together (which are typically squared) to produce blankets or other textiles works,r/quilting,,"Crafts, Sedentary, Solo"
Fabrics (Rug/Mat Hooking),Creating and decorating rugs or mats using yarn through a stiff material such as burlap,r/rughooking,,"Crafts, Sedentary, Solo"
Fabrics (Sewing - General),Creating or repairing fabric based works by making stitches with a needle and yarn or with a sewing machine,r/sewing,,"Crafts, Sedentary, Solo"
Fabrics (Tapestry),A form of textile art which is woven on a loom to create large images,r/Tapestry,,"Crafts, Sedentary, Solo"
Fantasy Sports (American Football),,r/fantasyfootball/,,"Group, Sedentary, Indoor, Sports"
Fantasy Sports (Basketball),,r/fantasybball/,,"Group, Sedentary, Indoor, Sports"
Farming (Fish/Pisciculture),,r/FishFarming/,,Active
Farming (General),,r/farming/,,"Active, Outdoor"
Fashion,The development of clothing aesthetics that fit certain tastes,r/fashion,,"Crafts, Sedentary, Solo"
Fencing (General),,r/Fencing/,,"Group, Active, Competitive"
Fencing (HEMA/WMA),,r/wma/,,
Filmmaking (Documentaries),,,,
Filmmaking (General),"Creating dramatic works using video, most commonly on a digital medium but rarely with film",r/Filmmakers,,"Sedentary, Solo"
Fishing (Bass),,r/bassfishing/,,"Solo, Sedentary, Active, Outdoor"
Fishing (Deep Sea/Offshore),,r/offshorefishing/,,"Solo, Sedentary, Active, Outdoor"
Fishing (Flats/Inshore),,r/inshorefishing/,,"Solo, Sedentary, Active, Outdoor"
Fishing (Fly),,r/flyfishing/,,"Solo, Sedentary, Active, Outdoor"
Fishing (General),,r/Fishing/,,"Solo, Sedentary, Active, Outdoor"
Fishing (Ice),,r/IceFishing/,,"Solo, Sedentary, Active, Outdoor"
Fishing (Kayaking),,r/kayakfishing/,,"Solo, Sedentary, Active, Outdoor"
Fishing (Noodling),,r/Noodling/,,"Solo, Active, Outdoor"
Fishing (Spear),,,,
Fishing (Trout),,r/troutfishing/,,"Solo, Sedentary, Active, Outdoor"
Flower Arranging,Collecting and orienting flowers in a group to create aesthetically pleasing displays,r/FlowerArranging,,"Sedentary, Solo"
Flower Pressing/Ochibana,Pressing and storing dried wild herbs and flowers into a medium which is typically paper based,r/PressedFlowers,,"Crafts, Sedentary, Solo"
Food Tours,,,,
Foosball,,r/foosball/,,"Group, Active, Competitive"
Foot Golf,,r/footgolf/,,"Solo, Active, Competitive"
Foraging (General),,r/foraging/,,"Solo, Active, Outdoor"
Foraging (Mushrooms),,r/MushroomsandForaging/,,"Solo, Active, Outdoor"
Gardening (Bonsai),,r/Bonsai/,,
Gardening (Fruit Tree/Grafting/Espalier),,r/BackyardOrchard/,,"Solo, Active, Outdoor"
Gardening (General),,r/gardening/,,"Solo, Active, Indoor, Outdoor"
Gardening (Guerilla),,r/GuerrillaGardening/,,"Solo, Active, Outdoor, Illegal"
Gardening (Homesteading),,,,
Gardening (House Plants),,r/houseplants/,,"Solo, Active, Indoor, Outdoor"
Gardening (Hydroponics),,r/Hydroponics/,,"Solo, Active, Indoor, Outdoor"
Gardening (Marijuana),,r/GrowingMarijuana/,,"Solo, Active, Indoor, Outdoor"
Gardening (Mushrooms - Food/Psychoactive),,r/MushroomGrowers/,,
Gardening (Topiary),,r/topiary/,,"Solo, Active, Outdoor"
Genealogy (Family Trees),,r/Genealogy/,,"Solo, Sedentary"
Geocaching (Letterboxing),,r/geocaching/,,"Solo, Active, Outdoor"
Geology (Rocks/Minerals),,,,
Ghost Hunting,,r/GhostHunting/,,"Solo, Active, Outdoor"
Glassblowing (Furnace),Traditional glasswork involving using a super heated furnace that typically yields larger glass vases and works of art,r/glassblowing,,Solo
Glassblowing (Lampwork/Glass Pipes),A form of glasswork that involves using a torch and yields smaller works like glass pipes,r/lampwork,,Solo
Glassblowing (Scientific),Glasswork which focuses on creating superior glassworks which can be used for scentific experimentation,r/scientificglasswork,,Solo
Gliders (Hang-gliding),,r/freeflight/,,"Solo, Active, Outdoor"
Gliders (Paragliding - Acro),,r/freeflight/,,"Group, Sedentary, Indoor"
Gliders (Paragliding - General),,r/freeflight/,,"Solo, Active, Competitive"
Go,,r/gogame/,,"Solo, Illegal"
Golf,,r/golf//,,"Solo, Sedentary"
Graffiti,A type of street spray paint art which is typically displayed illegally in public view,r/Graffiti/,,"Solo, Active, Competitive"
Graphic Design,A visual discipline focusing on the effectiveness of aesthetics in achieving an outcome,r/graphic_design,,"Solo, Sedentary, Illegal"
Gymnastics (General),,r/Gymnastics/,,"Solo, Group, Active, Outdoor"
Hacking,"Bypassing digital security, often illegally",r/hacking,,"Solo, Sedentary"
Hacky Sack (Footbag),,r/footbag/,,"Solo, Sedentary, Indoor"
Hair Care,Using products to improve the quality and appearance of one's hair,r/Haircare/,,"Solo, Sedentary, Indoor"
Hair Removal (Laser),Using a laser to permanently remove hairs from areas of the body,r/LaserHairRemoval/,,"Group, Active, Competitive"
Hair Removal (Waxing),Using wax to achieve very smooth hair removal,r/HairRemoval/,,"Solo, Sedentary"
Handball,,r/Handball/,,"Solo, Active, Outdoor"
Herbal Medicine,Applying and ingesting various herbs for supposed health effects,r/HerbalMedicine/,,"Solo, Active, Outdoor"
Herping/Snake Handling,,r/HerpingPeople/,,"Solo, Active, Outdoor"
Hiking (General),,r/hiking/,,"Solo, Active, Outdoor"
Hiking (Mountaineering/Alpinism),,r/Mountaineering/,,"Solo, Active, Outdoor"
Hiking (Orienteering),,r/orienteering/,,"Solo, Active"
Hiking (Thru),,r/Thruhiking/,,"Active, Solo"
Holiday Decorating,,,,"Solo, Active, Outdoor"
Hooping (Hula),The act of twirling a hoop around your waist without the use of your hands and it's commonly associated dances and activities,r/Hooping,,"Solo, Active, Outdoor"
Horseback/Equestrian (Dressage),,r/Equestrian/,,"Solo, Active, Outdoor"
Horseback/Equestrian (Eventing),,r/Horses/,,"Solo, Active, Outdoor"
Horseback/Equestrian (General),,r/Equestrian/,,"Solo, Sedentary, Active, Outdoor"
Horseback/Equestrian (Show Jumping),,r/showjumping/,,"Solo, Sedentary, Active, Outdoor"
Hunting (Deer),,r/deerhunting/,,Solo
Hunting (General),,r/Hunting/,,"Solo, Active, Competitive"
Ice Bathing/Wim Hof,Submerging yourself in freezing water for extended amounts of time to better control your body,r/BecomingTheIceman/,,"Solo, Active"
Ice Skating (Figure),,r/FigureSkating/,,"Solo, Active, Outdoor"
Ice Skating (General),,r/iceskating/,,"Group, Active, Competitive"
Ice Skating (Nordic),,r/nordicskating/,,"Solo, Sedentary"
Ice Skating (Speed),,r/Speedskating/,,"Solo, Sedentary"
Insect Keeping (Ant/Ant Farms),,r/antkeeping/,,"Solo, Group, Sedentary"
Insect Keeping (Bees),,r/Beekeeping/,,"Solo, Group, Sedentary"
Instruments (Accordion),Bellows and keys in one instrument,r/Accordion/,,"Solo, Group, Sedentary"
Instruments (Bagpipe),A woodwind instrument fed air from a bag commonly associated with Scotland,r/bagpipes,,"Solo, Group, Sedentary"
Instruments (Banjo),A circular stringed instrument commonly associated with American Bluegrass,r/banjo,,
Instruments (Bass),A string instrument which covers a low octave common in all forms of music,r/Bass,,"Solo, Group, Sedentary"
Instruments (Bowed Lyres),,r/BowedLyres/,,"Solo, Group, Sedentary"
Instruments (Clarinet),A woodwind instrument common in marching bands,r/Clarinet,,"Solo, Group, Sedentary"
Instruments (Drums - Kit),"A collection of drums, cymbals and percussive instruments all played in tandem to form the backbone of a song",r/drums r/Drumming,,"Solo, Group, Sedentary"
Instruments (Flute),A reedless woodwind instrument,r/Flute,,
Instruments (Guitar),"A fretted (commonly) six string instrument associated with folk, acoustic, rock and many modern styles of music",r/Guitar,,
Instruments (Guzheng),,r/Guzheng/,,"Solo, Group, Sedentary"
Instruments (Handpan),,r/handpan/,,"Solo, Group, Sedentary"
Instruments (Harmonica),"A handheld free wind instrument associated with blues, folk and country music",r/harmonica,,"Solo, Group, Sedentary"
Instruments (Harp),A large stringed musical instrument commonly associated with calming music,r/harp,,"Solo, Group, Sedentary"
Instruments (Mandolin),A member of the lute family associated with bluegrass music,r/mandolin,,"Solo, Group, Sedentary"
Instruments (Ocarina),"A traditional type of clay or ceramic vessel flute, popularized by the video game The Legend of Zelda: The Ocarina of Time",r/Ocarina,,"Solo, Group, Sedentary"
Instruments (Piano),A stringed keyboard instrument associated with many forms of music historically,r/piano/,,"Solo, Group, Sedentary"
Instruments (Piccolo),A half sized flute played in orchestrated music,r/piccolo/,,"Solo, Group, Sedentary"
Instruments (Recorder),A type of flute with a whistle mouthpiece,r/Recorder,,"Solo, Group, Sedentary"
Instruments (Saxaphone),A brass woodwind instrument heavily associated with Jazz,r/saxophone/,,"Solo, Group, Sedentary"
Instruments (Sitar),An indian plucked string instrument,r/Sitar,,"Solo, Group, Sedentary"
Instruments (Synthesizer),An electronic musical instrument,r/synthesizers,,"Solo, Group, Sedentary"
Instruments (Trumpet),A brass instrument associated with classical and jazz ensembles,r/trumpet,,"Solo, Group, Sedentary"
Instruments (Tuba),A low pitched brass instrument associated with ensembles,r/Tuba,,"Solo, Group, Sedentary"
Instruments (Ukulele),A (commonly) four stringed small fretted instrument associated with hawaiian and island music,r/ukelele,,"Solo, Group, Sedentary"
Instruments (Vibraphone),A percussive instrument commonly associated with jazz and tiki music,r/vibraphone,,"Sedentary, Solo"
Instruments (Violin/Fiddle),A bowed string instrument (which includes violins) played in a variety of worldwide folk musics,r/Fiddle r/violinist,,"Sedentary, Solo"
Interior Decorating (Feng Shui),A type of ancient chinese decorating which is supposed to harmonize an environment with a person,r/FengShui,,
Interior Decorating/Design (General),"The act of decorating an indoor space, typically by furniture selection and placement as well as with various accesories",r/interiordecorating/ ,,"Sedentary, Solo"
Jetsurfing,,r/JetSurfing/,,"Sedentary, Solo"
Jewelry Making,Creating personal accesories with precious metals and often gem stones,r/jewelrymaking/,,"Active, Solo"
Journaling,"Keeping record of daily activities in any medium, though commonly in writing",r/Journaling/,,"Active, Solo"
Juggling (Contact),A style of juggling that focuses on rolling objects throughout the body without tossing them in the air,r/contactjuggling/,,
Juggling (General/Toss),The act of tossing and catching multiple objects into the air in sequence without dropping them,r/juggling,,"Solo, Sedentary, Indoor, Illegal"
Juggling (Kendama),,,,"Solo, Active"
Kava,,r/Kava/,,"Solo, Active"
Kite Boarding (General),,r/Kiteboarding/,,"Solo, Sedentary, Outdoor"
Kite Boarding (Kitefoil),,r/Kiteboarding/,,"Crafts, Sedentary, Solo"
Kite Flying,,r/kites/,,"Solo, Sedentary, Indoor"
Knot Tying,"Tangling rope as art or to create certain functionalities in use, commonly associated with sailing and fishing",r/knots,,"Solo, Active, Outdoor"
Kombucha,,r/Kombucha/,,
Landscaping,,r/landscaping/,,
Language (Scots/Lowland or Broadland Scots),Spoken in Scotland,r/scots/,,
Language (Susu),Spoken heavily in Guinea. Spoken in Guinea and Sierra Leone as part of the Mande language group,,,
Language (Temne),A language spoken heavily in northern Sierra Leone,,,"Group, Active, Outdoor"
Language (Welsh),Spoken in Whales in the UK,r/learnwelsh/,,"Group, Active, Indoor"
LARPing (Live Action Role Playing),,r/LARP/,,
Laser Tag,,r/lasertag/,,"Crafts, Sedentary, Solo"
Law (General),, r/legaladvice/,,
Leathercraft (General),Shaping and coloring leather to create works of art,r/Leathercraft/,,"Solo, Sedentary"
Leathercraft (Whipmaking),,r/whipmaking/,,"Solo, Sedentary"
Linguistics (Language),,r/linguistics/,,
Lip reading,,,,
Live Performance (Bands),,,,
Live Performance (Circus),,,,
Live Performance (Orchestra),,,,Solo
Live Performance (Plays),,,,"Solo, Sedentary"
Live Performance (Sports),,,,
Livestreaming,"Broadcasting and recording video in tandem over the internet, commonly associated with Twitch and video game streaming",r/streaming,,
Longboarding (Dancing),,r/longboarding/,,
Magnet Fishing,,r/magnetfishing/,,"Solo, Sedentary, Active, Outdoor"
Mahjong (General),,r/Mahjong/,,"Group, Sedentary, Indoor"
Mahjong (Riichi),,r/riichi/,,"Group, Sedentary, Indoor"
Makeup (General),"Using cosmetics to achieve certain aesthetics, most commonly on the face",r/Makeup/,,"Sedentary, Solo"
Manufacturing (Machining),"Creating metal components and tooling by subtracting material from metal slabs, typically with heavy machinery",r/machining,,Solo
Marine Biology (Ocean Creatures),,,,
Martial Arts (Aikido),,r/aikido/,,
Martial Arts (Brazilian Jiu Jitsu/BJJ),,r/bjj/,,"Group, Active, Competitive"
Martial Arts (Judo),,r/judo/,,"Group, Active, Competitive"
Martial Arts (Karate),,r/karate/,,"Group, Active, Competitive"
Martial Arts (Kickboxing),,r/Kickboxing/,,"Group, Active, Competitive"
Martial Arts (Krav Maga),,r/kravmaga/,,"Group, Active, Competitive"
Martial Arts (Kung Fu),,r/kungfu/,,"Group, Active, Competitive"
Martial arts (MMA),,r/MMA/,,"Group, Active, Competitive"
Martial Arts (Muay Thai),,r/MuayThai/,,"Group, Active, Competitive"
Martial Arts (Taekwondo),,r/taekwondo/,,"Group, Active, Competitive"
Massage (Acupuncture),A chinese massage pratice involving placing subtle needles in the skin to relieve pain and stress,,,
Massage (General),Pushing and pulling tactically on muscles to reduce pain and increase performance,r/massage/,,"Group, Sedentary, Active"
Matchmaking,,,,"Group, Sedentary"
Mechanic,,r/MechanicAdvice/ r/autorepair/,,"Solo, Active"
Mechanical Keyboards,Buildling and customizing mechanical keyboards,r/mechanicalkeyboards,,
Meditation (General),A variety of sedentary practices which silence and focus the mind,r/Meditation/,,"Solo, Sedentary"
Metal Detecting,,r/metaldetecting/,,"Solo, Sedentary, Active, Outdoor"
Meteorology (Weather),,r/meteorology/,,"Solo, Sedentary"
Microbiology (Micro Organisms),,r/microbiology/,,"Solo, Sedentary"
Middle East:National Language (Azerbaijani),The primary language of Azerbaijan. Spoken in Azerbaijan,,,
Middle East:National Language (Georgian),"Primary language of Georgia. Spoken in Georgia, South Ossetia and Abkhazia",,,
Middle East:National Language (Turkish),"The primary language of Turkey, Cyprus and the Turkish Repiblic of Northern Cyrpus",,,
Military Care Package (Sandboxing),,r/SandBoxxit/,,"Solo, Sedentary"
Miscellaneous Sports,,r/theocho/,,
Model Building (Cars),Assembling and decorating miniature replicas of cars,r/ModelCars/,,"Crafts, Sedentary, Solo"
Model Building (Gundam/Gunpla),"Assembling and decorating miniature replicas of robots from the anime, Gundam",r/Gunpla/,,"Crafts, Sedentary, Solo"
Model Building (Lego),"Creating works of art using the classic plastic construction toy, Lego",r/lego,,"Crafts, Sedentary, Solo"
Model Building (Train/Railways),"Assembling and decorating miniature replicas of trains and railways, usually with an electronic component to run them",r/modeltrains,,"Crafts, Sedentary, Solo"
Modeling,The act of being videod or photographed for aesthetic purposes,r/MODELING,,"Active, Solo, Group"
Monopoly,,r/monopoly/,,"Group, Sedentary, Indoor"
Motivating,,,,"Solo, Sedentary"
Nail Art,"The decorating, enhancement and embelishment of nails",r/RedditLaqueristas,,"Crafts, Sedentary, Solo"
National Language (Bulgarian),The primary language of Bulgaria.,,,
National Language (Creole - Guinea-Bissau/Kriol),"The primary language of Guyana, which is english mixed with words from many other languages.",,,
National Language (Creole - Haitian),The primary language of Haiti (though French is spoken nearly as much),,,
National Language (Creole - Sranan Togo),The primary language of St.Vincent & Grenadines  (though as many speak English),,,
National Language (Creole - St. Vincent & Grenadines),The primary language of Tobago in Trinidad & Tabgo (though as many speak English),,,
National Language (Creole - Suriname),The primary language of Suriname (though most also speak Suriname Dutch),,,
National Language (Creole - Tobago),The primary language of Trinidad in Trinidad & Tobago (though as many speak English),,,
National Language (Creole - Trinidadian),The primary language of Saint Kitts & Nevis (though as many speak English),,,
National Language (Creole- St. Kitts & Nevis),The primary language of Cape Verde,,,
National Language (Guarani),Primary language of Paraguay (though almost the same number speak Spanish). Also spoken in Bolivia.,,,
National Language (Icelandic),Primary language of Iceland (though a majority also speaks English).,r/learnIcelandic/,,
Needle Felting,,r/Needlefelting/,,
Netball,,r/netball/,,"Group, Active, Competitive"
Neuroscience (Cognition),,r/neuroscience/,,"Solo, Sedentary"
Nutrition,Intentionally eating to promote greater overall health rather than exclusively pleasure,r/nutrition ,,"Solo, Sedentary"
Oceania Melanesia:National Language (Bislama),The primary language of Vanuatu (though most speak English and the country has the highest density of languages per capita of anywhere in the world),,,
Oceania Melanesia:National Language (Creole - Solomon Islands/Pidgin),The primary language of the Solomon Islands (though there are many languages depending on which island you are on),,,
Oceania Melanesia:National Language (Fiijan),The native language of Fiji (though more speak English as a seond language most speak Fijian as there first language).,,,
Oceania Melanesia:National Language (Tok Pisin),The primary language of Papua New Guinea (though a large number speak English as well),,,
Oceania Micronesia:National Language (Kiribati/Gilbertese),The native language of Kiribati (though almost as many speak English as well),,,
Oceania Micronesia:National Language (Nauruan),Primary language of Nauru (though almost as many speak English),,,
Oceania Micronesia:National Language (Palauan),Primary language in Palau (though a good number speak English),,,
Oceania Micronesia:Native Language (Chuukese),"The native language of the Chuukuse people, making up the largest ethnic group of Micronesia (about half)",,,
Oceania Polynesia:National Language (Samoan),The primary language of Samoa,,,
Oceania Polynesia:National Language (Tongan),The primary language of Tonga (though most speak English),,,
Oceania Polynesia:National Language (Tuvaluan),The primary language of Tuvalu (though many speak English),,,
Organizing,,r/organization/,,"Solo, Sedentary"
Origami,A folded paper art originating in Japan,r/origami/,,"Crafts, Sedentary, Solo"
Paintball,,r/paintball//,,"Group, Active, Competitive"
Painting (General),"Applying paint, pigment or color to a solid surface to create works of art",r/painting/,,"Crafts, Sedentary, Solo"
Painting (Miniatures),,r/minipainting/,,
Painting (Watercolor),,r/Watercolor/,,
Paleontology (Dinosaurs),,r/Paleontology/,,"Solo, Sedentary"
Paper Quilling,"An art that uses rolled, shaped and glued strips of paper to create aesthetic designs",r/quilling/,,"Crafts, Sedentary, Solo"
Papermaking,The manufacturing of paper from wood pulp,r/papermaking/,,"Crafts, Sedentary, Solo"
Parkour,An acrobatic art prioritizing moving from one place to another as creatively as possible,r/Parkour/,,"Active, Solo"
PC Building,Building and customizing computers,r/pcmasterrace,,"Sedentary, Solo"
PC Building,,r/buildapc/,,
Photography (Astro),,r/astrophotography/,,
Photography (Film),Shooting photos on traditionally developed film,r/filmphotography/,,"Sedentary, Solo"
Photography (General/Digital),"The art of capturing images using a camera, digital or film",r/itookapicture/,,"Sedentary, Solo"
Photography (Lomography),"A form of photography using intentionally low quality classic cameras which creates an aesthetic based on blurring, light leaks and over exposure",r/lomography,,"Sedentary, Solo"
Photography (Macro),Capturing images of very small subjects,r/macro/,,"Sedentary, Solo"
Pickleball,,r/Pickleball/,,"Group, Active, Competitive"
Picnicing,,,,"Solo, Sedentary, Outdoor"
Planning (Vacation/Travel),,,,"Solo, Sedentary"
Playing Card Games (Cribbage),,r/Cribbage/,,"Group, Sedentary, Indoor"
Playing Card Games (Gin Rummy),,r/GinRummy/,,
Playing Card Games (Pinochle),,r/Pinochle/,,
Playing Card Games (Poker),,r/poker/,,"Group, Sedentary, Indoor"
Playing Card Games (Solitaire),,r/solitaire/,,"Solo, Group, Sedentary"
Podcasting,"An audio based program recorded and distributed over the internet, commonly featuring interviews, blog or radio style content",r/podcasts,,"Solo, Sedentary"
Poetry (General),"Creating rythmic verses that relay an ostensible meaning, either spoken or written",r/Poetry/,,"Sedentary, Solo"
Poetry (Haiku),A japanese form of poetry limited to three phrases,r/haiku/,,"Sedentary, Solo"
Polo,,r/polo/,,"Group, Active, Competitive"
Pottery (Ceramics),"The art of forming physical vessels and using fire to make them durable, most commonly associated with ceramics",r/Pottery,,"Crafts, Solo"
Printing (Cyanotype),A form of photo printing that uses a liquid chemical which is sensitive to UV light,r/cyanotypes/,,"Sedentary, Solo"
Printing (Dark Room),Developing tradiitonal film based photos and videos in a dark room using various techniques,r/Darkroom/,,"Sedentary, Solo"
Printing (General),,r/printmaking/,,
Printing (Gyotaku),"A traditional japanese method of printing where ink is applied to an object, often some sort of dead animal, and applied to paper",r/GyotakuArt/,,
Printing (Ukiyo-e/Woodblock),A method of printing images on textiles or paper originating in China but popularized by Japan,r/ukiyoe,,"Crafts, Sedentary, Solo"
Psychology (Personality),,r/psychology/,,"Solo, Sedentary"
Puppet Making,,r/puppetry/,,
Puzzles (Crossword),,r/crossword/,,"Solo, Sedentary, Indoor"
Puzzles (General),,r/puzzles/,,"Solo, Sedentary, Indoor"
Puzzles (Jigsaw),,r/Jigsawpuzzles/,,"Solo, Sedentary, Indoor"
Qigong,A chinese exercises focused on isolated movements and expressing internal states and emotions,r/TrueQiGong/,,"Solo, Active"
Racing (Cars - Dirt Track),,r/DirtRacing/,,
Racing (Cars - Drag Racing),,r/dragracing/,,
Racing (Cars - Formula),,r/formula1/,,
Racing (Cars - Offroad/Rally Racing),,r/OffRoadRacing/,,
Racquetball,,r/racquetball/,,"Group, Active, Competitive"
Radio Controlled Objects (Cars - General),,r/rccars/,,"Solo, Sedentary, Outdoor"
Radio Controlled Objects (Planes),,r/RCPlanes/,,"Solo, Sedentary, Outdoor"
Rafting (White Water),,r/whitewater/,,"Solo, Group, Active, Outdoor"
Rapping (Battling),A type of competitive rap where the object is to insult the other person as cleverly as possible,r/rapbattles,,"Solo, Group, Sedentary, Competitive"
Rapping (Freestyle),Rap which is entirely improvised,r/freestylerap,,"Solo, Group, Sedentary"
Rapping (General),A musical form of poetry associated with street culture,r/rap,,"Solo, Group, Sedentary"
Reiki,A type of chinese massage involving laying palms on someone to rebalance their energy,r/reiki/,,"Group, Solo, Active"
Resin Art (D&D Dice Making),"Creating dice, usually mold based, for the table top RPG Dungeons and Dragons",r/dicemaking/,,"Sedentary, Solo"
Resin Art (General),Using a composite plastic to create suspension based art like preserving flowers and glitter within a mold,r/resinart/,,
Rideshare Driving,,r/uberdrivers/,,"Solo, Sedentary, Outdoor"
Risk,,r/Risk/,,"Group, Sedentary, Indoor"
Robots (Combat),Competitive building and fighting of robots against each other where the goal is to incapacitate the other,r/battlebots,,"Group, Sedentary, Compeititve"
Robots (General),The design and construction of complex machinery,r/robotics,,"Solo, Group, Sedentary"
Rock Climbing (Bouldering),,r/bouldering/,,"Solo, Active,Outdoor, Competitive"
Rock Climbing (General),,r/RockClimbing/,,"Solo, Active, Competitive"
Rock Climbing (Psicobloc/Deep Water Solo),,,,
Rocketry (Model),"Creating, launching and recovering small lightweight rockets",r/rocketry/,,"Solo, Sedentary, Indoor, Outdoor, illegal"
Rockhounding (Fossicking),,r/rockhounds/,,"Solo, Active, Outdoor"
Rollerblading (General),,r/rollerblading/,,"Solo, Active"
Rollerblading (Street),,r/rollerblading/,,
Rollerskating (General),,r/Rollerskating/,,
Rollerskating (Vert),,r/Rollerskating/,,
Rowing/Crew (Sculling),,r/Rowing/,,"Group, Active, Outdoor, Competitive"
Rubix Cube ,,r/Cubers/,,"Solo, Sedentary, Indoor"
Running (Fell),,r/fellrunning/,,
Running (General),Moving quickly for long periods of time as a form of exercise,r/running/,,"Solo, Active"
Running (General),,r/AdvancedRunning/,,"Solo, Active, Outdoor"
Running (Trail),,r/trailrunning/,,
Sailing (Dinghy/Sunfish),,r/dinghysailing/,,
Sailing (General),,r/sailing,,
Sailing (Sport),,r/sailing/,,"Solo, Active, Outdoor, Competitive"
Sauna/Onsen,Laying in hot damp areas to relax and decompress,r/Sauna/,,"Solo, Sedentary"
Scouting,,r/scouting/,,"Solo, Group, Active, Outdoor"
Scrabble,,r/scrabble/,,"Group, Sedentary, Indoor"
Scrapbooking,"Preserving and arranging personal memoribilia, commonly involving photographs and typically in the form a book",r/scrapbooking/,,"Crafts, Sedentary, Solo"
Sculpting (General),Creating three dimensional works of art through a variety of methods,r/sculpting/,,Solo
Sculpting (Sand),"Creating temporary sculptures using beach sand, typically in the form of sand castles",r/SandCastles/,,Solo
Sculpting (Wood - Whittling),,r/whittling/,,
Settlers of Catan,,r/Catan/,,"Group, Sedentary, Indoor"
Shoe Making (Customizing),"Customizing footwear, typically by applying dyes and painting techniques",,,"Crafts, Sedentary, Solo"
Shoe Making (General/Cobbling/Cordonnier),"Creating footwear, originally by hand",r/shoemaking,,"Crafts, Sedentary, Solo"
Shogi,,r/shogi/,,"Group, Sedentary, Indoor"
Shooting (Clays/Skeet),,r/ClayBusters/,,"Solo, Active, Outdoor, Competitive"
Shooting (Speed),,,,"Solo, Active, Outdoor, Competitive"
Shooting (Trap),,r/TrapShooting/,,
Show Watching (Anime),Watching japanese animation,r/anime,,"Solo, Sedentary, Indoor, Cartoons"
Show Watching (Professional Wrestling),,r/WWE/,,
Shuffleboard,,r/shuffleboard/,,
Singing (A cappella),A musical performance made up entirely of singers without instrumental accompaniment,r/acappella/,,"Group, Sedentary"
Singing (General),Creating music with your voice,r/singing/,,"Solo, Group, Sedentary"
Singing (Scat),Singing jibberish,r/scat,,"Solo, Group, Sedentary"
Singing (Screaming),Singing which resembles growling and is associated with metal and screamo music,r/screaming,,"Solo, Group, Sedentary"
Sitting (Baby),,r/Babysitting/,,"Solo, Active, Sedentary"
Sitting (Dog Walking),,r/WagWalker/,,"Solo, Active, Outdoor"
Sitting (House),,r/housesitting/,,"Solo, Sedentary"
Sitting (Nannying),,r/Nanny/,,"Solo, Active, Sedentary"
Sitting (Pets),,r/RoverPetSitting/,,"Solo, Active, Sedentary"
Skateboarding (Freestyle),,r/freestyleskateboard/,,
Skateboarding (General),,r/skateboarding/,,
Skateboarding (Street),,,,
Skateboarding (Surf Skate),,r/surfskate/,,
Skateboarding (Vert),,,,
Sketching,Freehand drawings not typically intended as a final work,r/sketches/,,"Crafts, Sedentary, Solo"
Skibiking,,r/Skibike/,,
Skiing (Snow),,r/skiing/,,
Skiing (Water),,r/WaterSkiing/,,
Skimboarding,,r/skimboarding/,,
Skincare,Using a variety of techniques to improve the quality of one's skin,r/SkincareAddiction/,,"Solo, Sedentary"
Skydiving (General),,r/SkyDiving/,,"Solo, Active, Outdoor"
Skydiving (Wingsuit/BASE Jumping),,r/SkyDiving/,,"Solo, Active, Outdoor"
Slacklining,,r/Slackline/,,"Solo, Active"
Sledding (Dogs),,r/Dogsledding/,,"Solo, Sedentary, Active, Outdoor"
Sledding (General),,r/Sledding/,,"Solo, Sedentary, Active, Outdoor"
Slotcar,,r/slotcars/,,"Group, Sedentary, Indoor"
Smithing (Gun),"Building, modifying and repairing guns",r/gunsmithing,,Solo
Smithing (Knife/Blade),"The art of making bladed weapons using a forge, hammer and anvil ",r/Bladesmith,,Solo
Smithing (Metalworking General),Shaping and reshaping metals to create useful objects,r/metalworking/,,Solo
Snowbiking,,,,
Snowboarding,,r/snowboarding/,,
Snowshoeing,,r/snowshoeing/,,"Solo, Active, Outdoor"
Soapmaking,"Creating personal cleansing products, usually imbued with aromatics",r/soapmaking/,,"Crafts, Sedentary, Solo"
Soccer (Freestyle),,,,"Solo, Active, Outdoor"
Sociology (Interaction of People),,r/sociology/,,"Solo, Sedentary"
Software Engineering (General),Writing and deploying computer software to a variety of purposes,r/SoftwareEngineering,,"Solo, Sedentary, Indoor"
Software Engineering (Video Games),"Writing software for video games, commonly in game engines like Unreal or Unity",r/gamedev,,"Solo, Sedentary, Indoor"
Software Engineering (Web),"Writing software for web based applications, associated commonly with Full Stack Development",r/webdev,,"Solo, Sedentary, Indoor"
Songwriting,Composing and writing lyrics for music and songs,r/Songwriting/,,"Solo, Sedentary"
Spelunking (Canyoneering),,r/canyoneering/,,"Solo, Group, Active, Outdoor"
Spelunking (Caving),,r/caving/,,"Solo, Active, Outdoor"
Spikeball/Roudnet,,r/spikeball/,,
Squash,,r/squash/,,
Stand-Up Comedy (General),A type of comedy where the comedian addresses the audience directly,r/StandUpComedy,,Group
Stand-Up Comedy (Improv),A type of comedy where the act is mostly improvised as it goes,r/improv,,Group
Stargazing,,r/Stargazing/,,"Solo, Sedentary, Outdoor"
Statistics,,r/statistics/,,
Stone Polishing (Lapidary),Shaping stones and minerals into decorative items,r/Lapidary,Rocks,"Sedentary, Solo"
Stone skipping,,,,"Solo, Active, Outdoor"
Stretching (General),Lenghtening the body as pre-exercise or as exercise itself to become more flexible and reduce stiffness and pain,r/Stretching/,,"Solo, Active"
String Figures,Tangling strings in your hands in a pattern to create art when you pull them apart,r/StringFigures/,,"Crafts, Sedentary, Solo"
Stripping,"Removing your clothes in an erotic performance, often in conjunction with pole dancing",,,"Active, Erotic"
Sudoku,,r/sudoku/,,"Group, Sedentary, Indoor"
Surfing (Foil),,,,
Surfing (General),,r/surfing/,,
Survivalism,,r/Survival/,,"Solo, Active, Outdoor"
Swimming,,r/Swimming/,,
Table Tennis/Ping Pong,,r/tabletennis/,,
Tai-Chi,"Originally a chinese martial art, now used as a flowing full body exercise",r/taijiquan/,,"Solo, Active"
Tanning,"Exposing your skin to UV rays, outside or in a tanning bed, to darken and deepen its color",r/tanning/,,"Solo, Sedentary"
Tarot Card Reading,"Interprating tarot cards to gain insight into the past, present and future of an individual",r/tarot,,"Sedentary, Solo"
Tattoo,Designing and applying ink based art which is permanently applied to the skin,r/TattooDesigns/ r/tattoos/,,"Sedentary, Group"
Taxidermy,The art of preserving and displaying an animal's body via mounting or stuffing,r/Taxidermy,,
Tea (General),,r/tea/,,"Solo, Sedentary, Indoor"
Tea (Gong/Kung Fu),,r/GongFuTea/,,"Solo, Sedentary, Indoor"
Team Sports (Australian Football),,r/AFL/ r/Aleague/,,"Group, Active, Competitive"
Team Sports (Baseball),,r/Homeplate/,,
Team Sports (Basketball),,r/Basketball/ r/BasketballTips/,,"Group, Active, Competitive"
Team Sports (Cricket),,r/Cricket/,,
Team Sports (Dodgeball),,r/dodgeball/,,"Group, Active, Competitive"
Team Sports (Floorball),,r/floorball/,,
Team Sports (Football - Flag),,r/flagfootball/,,
Team Sports (Gaelic/Irish Football),,r/coybig/ r/LeagueOfIreland/,,"Group, Active, Competitive"
Team Sports (Hockey - Roller/Inline),,r/InlineHockey/,,
Team Sports (Hockey - Traditional),,r/hockey/,,
Team Sports (Hockey - Underwater),,r/UWH/,,
Team Sports (Kabaddi),,r/Kabaddi/ r/prokabaddi/,,"Group, Active, Competitive"
Team Sports (Lacrosse),,r/lacrosse/,,
Team Sports (Roller Derby),,r/rollerderby/,,
Team Sports (Soccer - Freestyle),,r/FreestyleFootball/,,
Team Sports (Soccer - General/Association/Club),,r/soccer/,,
Team Sports (Softball),,r/Softball/,,
Team Sports (Volleyball - Beach),,r/beachvolleyball/,,
Team Sports (Volleyball - General),,r/volleyball/,,
Team Sports (Water Polo),,r/waterpolo/,,
Tennis,,r/tennis/,,
Tennis Polo,,,,
Terrarium (General),,r/Terrarium/,,
Terrarium (Paludarium),A terrarium that is both land and water based,r/paludarium/,,
Theme/Amusement Parks (General),,r/Themepark,,"Solo, Sedentary, Outdoor"
Theme/Amusement Parks (Renaissance Fairs),,r/renfaire,,"Solo, Sedentary, Outdoor"
Theme/Amusement Parks (Rollercoasters),,r/rollercoasters,,"Solo, Sedentary, Outdoor"
Theology (Religion - Buddhism),,,,
Theology (Religion - Christianity),,,,
Theology (Religion - General),,r/theology/,,"Solo, Sedentary"
Theology (Religion - Hinduism),,,,
Theology (Religion - Islam),,,,
Theology (Religion - Judaism),,,,
Theology (Religion - Zoroastrianism),,,,
Therapy (Hypno),,,,
Thrifting,"Collecting items from charity shops. Originally designed to be for extremely low income individuals, they have become popular with young adults",r/thrifting/,,Solo
Throwing (Axes),,r/AxeThrowing/,,"Solo, Active, Competitive"
Throwing (Darts),,r/Darts/,,"Group, Indoor"
Throwing (Javeling),,r/javelinthrow/,,
Throwing (Knives),,r/knifethrowing/,,
Throwing (Shot Put),,r/shotput/,,
Toymaking,,,,
Trade Shows,,,,Solo
Trading Card Games (Magic The Gathering),,r/magicTCG/,,"Group, Sedentary, Indoor, Competitive"
Trading Card Games (Pokemon),,r/PokemonTCG/,,"Group, Sedentary, Indoor, Competitive"
Trading Card Games (Yugi-Oh),,r/yugioh/,,"Group, Sedentary, Indoor, Competitive"
Trail Cooking,,r/trailmeals/,,"Solo, Active, Outdoor"
Travel (Hitchiking),,r/hitchhiking/,,"Solo, Sedentary"
Travel (Minimalist),,r/onebag/,,"Solo, Sedentary"
Travel (Road Tripping),,r/roadtrip/,,"Solo, Sedentary"
Triathlon,,r/triathlon/,,
Tutoring,,r/tutor/,,"Solo, Sedentary"
UI/UX (How people use things based on how they are made),,r/UXDesign/,,"Solo, Sedentary"
Unicycling (Electric),,r/ElectricUnicycle/,,"Solo, Active, Outdoor"
Unicycling (General),,r/unicycling/,,"Solo, Active, Outdoor"
Upcycling,Transforming no longer used products into new useful products,r/upcycling,,
Urban Exploration (Urbex),,r/Urbex/,,"Solo, Active, Outdoor, Illegal"
Video Games (Fighting Games/FGC),,r/FGC/,,"Group, Sedentary, Indoor, Competitive"
Video Games (General),,r/gaming/,,"Solo, Group, Sedentary, Indoor, Competitive"
Video Games (RPGs),,r/rpg_gamers/,,"Solo, Group, Sedentary, Indoor"
Video Games (RTS),,r/RealTimeStrategy/,,"Solo, Group, Sedentary, Indoor, Competitive"
Video Games (Speedrunning),,r/speedrun/,,"Solo, Sedentary, Indoor, Competitive"
Video Games (Virtual Reality),"Video Games played in a VR space, frequently with the HTC Vive or the Oculus Rift",r/VRGaming/,,"Solo, Sedentary, Indoor"
Video Games(League of Legends/MOBA),,r/leagueoflegends/,,"Group, Sedentary, Indoor, Competitive"
Video Production (Editing),Cutting together video clips to form the final product of a video based work,r/VideoEditing,,"Solo, Sedentary, Indoor"
Video Production (General),The many facets of producing videos,r/videoproduction/,,"Solo, Sedentary, Indoor"
Video Production (Sound Design),"The planning, recording and mixing of sound into videos",r/sounddesign,,"Solo, Sedentary, Indoor"
Video Production (Special Effects/SFX),"The practical effects involving costuming, makeup or environmental effects used to make videos",r/sfx,,"Solo, Sedentary, Indoor"
Video Production (Visual Effects/VFX),"The digital effects added after a video has been recorded, commonly associated with CGI and Green Screening",r/vfx/,,"Solo, Sedentary, Indoor"
Videogames (Soulsborne),,r/darksouls/,,
Virtual Reality/VR (General),Simulated experiences making use of visual peripherals to immerse yourself completely in a generated environment,r/virtualreality/,,"Solo, Sedentary, Indoor"
Volunteering (Animal Activism),,,,
Volunteering (Animal Shelter/Rescue),,r/AnimalShelterStories/,,"Solo, Active, Sedentary"
Volunteering (Conservation),,r/conservation/,,
Volunteering (Crimestoppers),,,,"Solo, Active, Sedentary"
Volunteering (Eldercare),,r/eldercare/,,"Solo, Active, Sedentary"
Volunteering (Food Banks),,r/Food_Bank/,,"Solo, Active, Sedentary"
Volunteering (Haircut),,r/Barber/,,"Solo, Active"
Volunteering (International),,,,
Volunteering (IT/Electronics),,r/techsupport/,,"Solo, Sedentary"
Volunteering (Legal),,r/legaladvice/,,"Solo, Sedentary"
Volunteering (Nature Cleanups - Plogging),,r/DeTrashed/,,"Solo, Active"
Volunteering (Organic Farmhanding - Wwoofing),,,,
Volunteering (Taxes),,r/taxhelp/,,"Solo, Sedentary"
Wakeboarding,,r/Wake/,,
Wakesurfing,,r/wakesurf/,,
Wargaming,,r/wargaming/,,"Group, Sedentary, Indoor, Competitive"
Watching/Spotting (Birds),,r/birdwatching/,,"Solo, Sedentary, Outdoor"
Watching/Spotting (Cars),,r/carspotting/,,"Solo, Sedentary, Outdoor"
Watching/Spotting (Satellites),,r/StarlinkSightings/,,"Solo, Sedentary, Outdoor"
Watching/Spotting (Stormchasing),,r/stormchasing/,,"Solo, Sedentary, Outdoor"
Watching/Spotting (Trains),,r/trains/,,"Solo, Sedentary, Outdoor"
Watching/Spotting (Whales),,r/whalewatching/,,"Solo, Sedentary, Outdoor"
Wheel Chair (WCMX),,r/wcmx/,,
Wind Surfing (General),,r/windsurfing/,,
Wind Surfing (Wingfoil),,r/windsurfing/,,
Wood Burning (Pyrography),"Creating art on a wood canvas with burn marks, typically by using a hot rod called a poker",r/Pyrography,,"Crafts, Sedentary, Solo"
Wood Working (Bowyer),Using materials (mostly wood) to craft bows for archery,r/Bowyer/,,"Crafts, Solo"
Woodworking (Finishing/Re-Finishing),The refinement and processing of a wood objects surface to give it a desired appearance and quality,r/finishing,,"Crafts, Solo"
Woodworking (General),"Making items from wood, such as furniture, cabnetry and sculptures",r/woodworking/,,"Crafts, Sedentary, Solo"
Woodworking (Scrollsaw),"Using a scrollsaw to make artistic cut outs from wood, somewhat similar to machining",r/Scrollsaw,,
Wrestling (Amateur),,r/wrestling/,,"Group, Active, Competitive"
Wrestling (Icelandic/Glima),,,,
Yo-Yo (Throwing),Performing tricks using the string and disk based toy called the Yo-Yo,r/Throwers,,Solo
Yoga (Acro),A partnered form of yoga involving lifting and holding the other person in various poses,r/AcroYoga/,,"Group, Active"
Yoga (General),"An indian strecthing practice involving a variety of holds and poses, which often hold religious significance",r/yoga/,,"Solo, Group, Active"
Zumba,A group dancing based exercise held at many gyms or virtually ,r/zumba/,,"Solo, Group, Active"
